{
 "code": "14791f9f0141e6e8",
 "iters": {
  "0": {
   "mean": 0.1585895723469983
  },
  "1": {
   "mean": 0.1573696995621863
  },
  "10": {
   "mean": 0.1595554672452724
  },
  "11": {
   "mean": 0.162417705561426
  },
  "12": {
   "mean": 0.1630223814658848
  },
  "13": {
   "mean": 0.1598792715000415
  },
  "14": {
   "mean": 0.15760985888508094
  },
  "15": {
   "mean": 0.16364693365151425
  },
  "2": {
   "mean": 0.16150880073034388
  },
  "3": {
   "mean": 0.16148401488761835
  },
  "4": {
   "mean": 0.1579836444820419
  },
  "5": {
   "mean": 0.15804715267011243
  },
  "6": {
   "mean": 0.16023676108553972
  },
  "7": {
   "mean": 0.16358430060207266
  },
  "8": {
   "mean": 0.16037674413158734
  },
  "9": {
   "mean": 0.15524272829478633
  }
 },
 "params": {
  "H": 128,
  "N": 8,
  "W": 128,
  "add_light_samples": false,
  "alpha": 0.25,
  "beta": 0.1,
  "c": 30,
  "fg_depth": 99,
  "geom_clamp": null,
  "geom_clamp_mode": "hard",
  "mode": "vec",
  "progressive": true
 },
 "shared": {
  "voxel_size_0": 0.09612659617745256
 },
 "tag": "G_convergence"
}