{
 "code": "1a66321bb7a33c21",
 "iters": {
  "0": {
   "mean": 0.16095555217066418
  },
  "1": {
   "mean": 0.15815165104740317
  },
  "10": {
   "mean": 0.15419566613576607
  },
  "11": {
   "mean": 0.15452476911529542
  },
  "12": {
   "mean": 0.159895051264107
  },
  "13": {
   "mean": 0.15651096302526912
  },
  "14": {
   "mean": 0.1615029223578674
  },
  "15": {
   "mean": 0.16246191559481896
  },
  "16": {
   "mean": 0.15300243058758858
  },
  "17": {
   "mean": 0.16389233955462365
  },
  "18": {
   "mean": 0.16014848877439583
  },
  "19": {
   "mean": 0.15606971036140957
  },
  "2": {
   "mean": 0.1604795509935598
  },
  "20": {
   "mean": 0.16263924105597524
  },
  "21": {
   "mean": 0.1627088220012554
  },
  "22": {
   "mean": 0.15870657041227199
  },
  "23": {
   "mean": 0.15407982111189178
  },
  "24": {
   "mean": 0.15261843966806662
  },
  "25": {
   "mean": 0.15162518301722108
  },
  "26": {
   "mean": 0.1578381223646307
  },
  "27": {
   "mean": 0.153890066238739
  },
  "28": {
   "mean": 0.1613651196890461
  },
  "29": {
   "mean": 0.16015974249018397
  },
  "3": {
   "mean": 0.1556622354996875
  },
  "30": {
   "mean": 0.16530520365892934
  },
  "31": {
   "mean": 0.15520158427214187
  },
  "32": {
   "mean": 0.1502556956912188
  },
  "33": {
   "mean": 0.15705783539492021
  },
  "34": {
   "mean": 0.16564080278855522
  },
  "35": {
   "mean": 0.1535993390497957
  },
  "36": {
   "mean": 0.1590345904998778
  },
  "37": {
   "mean": 0.1556675444231588
  },
  "38": {
   "mean": 0.16070427444016902
  },
  "39": {
   "mean": 0.158352796507804
  },
  "4": {
   "mean": 0.15422321301770242
  },
  "40": {
   "mean": 0.15648277145328668
  },
  "41": {
   "mean": 0.155827364741611
  },
  "42": {
   "mean": 0.15867669297961595
  },
  "43": {
   "mean": 0.16113765173465447
  },
  "44": {
   "mean": 0.16222983536304286
  },
  "45": {
   "mean": 0.15101025804194748
  },
  "46": {
   "mean": 0.16335457305856926
  },
  "47": {
   "mean": 0.16280882706094632
  },
  "48": {
   "mean": 0.15770382216920922
  },
  "49": {
   "mean": 0.16333671838293065
  },
  "5": {
   "mean": 0.1587112815331109
  },
  "50": {
   "mean": 0.1563708255116806
  },
  "51": {
   "mean": 0.16620755253049377
  },
  "52": {
   "mean": 0.15554116250835906
  },
  "53": {
   "mean": 0.15488419283522228
  },
  "54": {
   "mean": 0.1547694754738149
  },
  "55": {
   "mean": 0.16062067685577028
  },
  "56": {
   "mean": 0.15368006151882985
  },
  "57": {
   "mean": 0.1628073254337369
  },
  "58": {
   "mean": 0.16146134534384518
  },
  "59": {
   "mean": 0.1571236317181694
  },
  "6": {
   "mean": 0.154478054219249
  },
  "60": {
   "mean": 0.15371868627910643
  },
  "61": {
   "mean": 0.1622275584091923
  },
  "62": {
   "mean": 0.15839972987141407
  },
  "63": {
   "mean": 0.1625226212535461
  },
  "7": {
   "mean": 0.1730973501601566
  },
  "8": {
   "mean": 0.16324475695937019
  },
  "9": {
   "mean": 0.14887730824846127
  }
 },
 "params": {
  "H": 128,
  "N": 8,
  "W": 128,
  "add_light_samples": false,
  "alpha": 0.25,
  "beta": 0.1,
  "c": 30,
  "fg_depth": 99,
  "geom_clamp": null,
  "geom_clamp_mode": "hard",
  "mode": "vec",
  "progressive": true
 },
 "shared": {
  "voxel_size_0": 0.11244967720708023
 },
 "tag": "G_convergence"
}