{
 "code": "c70b6f752890f1a9",
 "iters": {
  "0": {
   "mean": 0.15562658140455873
  },
  "1": {
   "mean": 0.1547021759842577
  },
  "10": {
   "mean": 0.15692429850537834
  },
  "11": {
   "mean": 0.1595646209818258
  },
  "12": {
   "mean": 0.16046079445671638
  },
  "13": {
   "mean": 0.15712543231051615
  },
  "14": {
   "mean": 0.15458051139272552
  },
  "15": {
   "mean": 0.16105067694796885
  },
  "16": {
   "mean": 0.1587070715294446
  },
  "17": {
   "mean": 0.1576752734503848
  },
  "18": {
   "mean": 0.1546046352324938
  },
  "19": {
   "mean": 0.15369891596889632
  },
  "2": {
   "mean": 0.15902998290180714
  },
  "20": {
   "mean": 0.15582624058856834
  },
  "21": {
   "mean": 0.156629200762694
  },
  "22": {
   "mean": 0.1563385645268376
  },
  "23": {
   "mean": 0.1547036792949281
  },
  "24": {
   "mean": 0.15495266752260797
  },
  "25": {
   "mean": 0.15345930885551004
  },
  "26": {
   "mean": 0.15741305168608788
  },
  "27": {
   "mean": 0.1552958082089216
  },
  "28": {
   "mean": 0.15875140438173968
  },
  "29": {
   "mean": 0.1537728721741464
  },
  "3": {
   "mean": 0.15892208288729878
  },
  "30": {
   "mean": 0.15542236855683142
  },
  "31": {
   "mean": 0.15586921934855122
  },
  "32": {
   "mean": 0.1505693013079297
  },
  "33": {
   "mean": 0.1578410706447312
  },
  "34": {
   "mean": 0.15815086112772872
  },
  "35": {
   "mean": 0.15345228616435216
  },
  "36": {
   "mean": 0.15443513901634584
  },
  "37": {
   "mean": 0.15347629327117332
  },
  "38": {
   "mean": 0.1547663269037011
  },
  "39": {
   "mean": 0.15512612090783628
  },
  "4": {
   "mean": 0.15517066506267094
  },
  "40": {
   "mean": 0.15406902091534616
  },
  "41": {
   "mean": 0.1585705036402971
  },
  "42": {
   "mean": 0.15652620315133642
  },
  "43": {
   "mean": 0.15470195875074336
  },
  "44": {
   "mean": 0.15940622850647226
  },
  "45": {
   "mean": 0.15665111880462565
  },
  "46": {
   "mean": 0.15727193971433107
  },
  "47": {
   "mean": 0.15667759109219337
  },
  "48": {
   "mean": 0.15893534416744515
  },
  "49": {
   "mean": 0.16052831494112507
  },
  "5": {
   "mean": 0.15527590077714634
  },
  "50": {
   "mean": 0.1566359690807075
  },
  "51": {
   "mean": 0.15712954378127353
  },
  "52": {
   "mean": 0.15190734020836927
  },
  "53": {
   "mean": 0.15377485400340715
  },
  "54": {
   "mean": 0.1576005850517815
  },
  "55": {
   "mean": 0.15576737081128073
  },
  "56": {
   "mean": 0.15499559647374744
  },
  "57": {
   "mean": 0.15621047187580217
  },
  "58": {
   "mean": 0.15395398008294706
  },
  "59": {
   "mean": 0.15722746113370398
  },
  "6": {
   "mean": 0.15777720551074545
  },
  "60": {
   "mean": 0.15902426514647436
  },
  "61": {
   "mean": 0.15680275700826726
  },
  "62": {
   "mean": 0.15658670366818914
  },
  "63": {
   "mean": 0.15625879514175336
  },
  "7": {
   "mean": 0.16108115944064996
  },
  "8": {
   "mean": 0.1580398926631761
  },
  "9": {
   "mean": 0.15264893587351205
  }
 },
 "params": {
  "H": 128,
  "N": 8,
  "W": 128,
  "add_light_samples": false,
  "alpha": 0.25,
  "beta": 0.1,
  "c": 30,
  "fg_depth": 3,
  "geom_clamp": null,
  "geom_clamp_mode": "hard",
  "mode": "vec",
  "progressive": true
 },
 "shared": {
  "voxel_size_0": 0.09612659617745256
 },
 "tag": "G_convergence"
}