{
 "code": "cd050cfc7d3f0244",
 "iters": {
  "0": {
   "mean": 0.14296156704158672
  },
  "1": {
   "mean": 0.14271319621746145
  },
  "10": {
   "mean": 0.14510381550808846
  },
  "11": {
   "mean": 0.14747705297859576
  },
  "12": {
   "mean": 0.1487654598190988
  },
  "13": {
   "mean": 0.145470731523476
  },
  "14": {
   "mean": 0.14289674477519362
  },
  "15": {
   "mean": 0.14898241972250656
  },
  "16": {
   "mean": 0.14717576522703968
  },
  "17": {
   "mean": 0.14631219849650307
  },
  "18": {
   "mean": 0.1424672998932485
  },
  "19": {
   "mean": 0.14216161793320456
  },
  "2": {
   "mean": 0.14670665797228255
  },
  "20": {
   "mean": 0.14413246419588813
  },
  "21": {
   "mean": 0.14460821459085213
  },
  "22": {
   "mean": 0.1445381410283769
  },
  "23": {
   "mean": 0.1427882918187672
  },
  "24": {
   "mean": 0.14319015025812962
  },
  "25": {
   "mean": 0.14185026616702762
  },
  "26": {
   "mean": 0.14603458234920877
  },
  "27": {
   "mean": 0.14373130948675117
  },
  "28": {
   "mean": 0.1471842951699586
  },
  "29": {
   "mean": 0.1422791091960752
  },
  "3": {
   "mean": 0.14710396651654295
  },
  "30": {
   "mean": 0.1441321639947896
  },
  "31": {
   "mean": 0.144142823815663
  },
  "32": {
   "mean": 0.13963186642319722
  },
  "33": {
   "mean": 0.14645055805767118
  },
  "34": {
   "mean": 0.14672707063903992
  },
  "35": {
   "mean": 0.142216875561169
  },
  "36": {
   "mean": 0.14331436611624607
  },
  "37": {
   "mean": 0.1419388861185652
  },
  "38": {
   "mean": 0.14295483614942653
  },
  "39": {
   "mean": 0.1435232159302104
  },
  "4": {
   "mean": 0.14317746443347604
  },
  "40": {
   "mean": 0.142439265471502
  },
  "41": {
   "mean": 0.1468326830944395
  },
  "42": {
   "mean": 0.144942243210477
  },
  "43": {
   "mean": 0.1432188609442859
  },
  "44": {
   "mean": 0.14786954440008868
  },
  "45": {
   "mean": 0.14486499210176998
  },
  "46": {
   "mean": 0.14640376662008578
  },
  "47": {
   "mean": 0.14487352387713767
  },
  "48": {
   "mean": 0.14732344568308056
  },
  "49": {
   "mean": 0.149038080730366
  },
  "5": {
   "mean": 0.14335090297503045
  },
  "50": {
   "mean": 0.1451056882429446
  },
  "51": {
   "mean": 0.14567854111262993
  },
  "52": {
   "mean": 0.14082243760262683
  },
  "53": {
   "mean": 0.14222695187771117
  },
  "54": {
   "mean": 0.1455347167357679
  },
  "55": {
   "mean": 0.14416763860026968
  },
  "56": {
   "mean": 0.1438900312314022
  },
  "57": {
   "mean": 0.1450485066626784
  },
  "58": {
   "mean": 0.14252620095770124
  },
  "59": {
   "mean": 0.1459215691963078
  },
  "6": {
   "mean": 0.14577156176810932
  },
  "60": {
   "mean": 0.14755391942216262
  },
  "61": {
   "mean": 0.14552242922513436
  },
  "62": {
   "mean": 0.14533108358724803
  },
  "63": {
   "mean": 0.1447539187037438
  },
  "7": {
   "mean": 0.14873141807822565
  },
  "8": {
   "mean": 0.145417754773489
  },
  "9": {
   "mean": 0.1407393755186754
  }
 },
 "params": {
  "H": 128,
  "N": 8,
  "W": 128,
  "add_light_samples": false,
  "alpha": 0.25,
  "beta": 0.1,
  "c": 30,
  "fg_depth": 2,
  "geom_clamp": null,
  "geom_clamp_mode": "hard",
  "mode": "vec",
  "progressive": true
 },
 "shared": {
  "voxel_size_0": 0.09612659617745256
 },
 "tag": "G_convergence"
}