{
 "code": "c70b6f752890f1a9",
 "iters": {
  "0": {
   "mean": 0.15889743035307566
  },
  "1": {
   "mean": 0.15773150922957524
  },
  "10": {
   "mean": 0.15988728995611462
  },
  "11": {
   "mean": 0.16274624023200707
  },
  "12": {
   "mean": 0.16334264643959243
  },
  "13": {
   "mean": 0.16018501727440976
  },
  "14": {
   "mean": 0.157927526106414
  },
  "15": {
   "mean": 0.16396296796171553
  },
  "16": {
   "mean": 0.16184056059318475
  },
  "17": {
   "mean": 0.16095008228532617
  },
  "18": {
   "mean": 0.15756572099023547
  },
  "19": {
   "mean": 0.15682566459562033
  },
  "2": {
   "mean": 0.1618395326429366
  },
  "20": {
   "mean": 0.1588981359735531
  },
  "21": {
   "mean": 0.1596483152894789
  },
  "22": {
   "mean": 0.15950488918254066
  },
  "23": {
   "mean": 0.15789170664416685
  },
  "24": {
   "mean": 0.15792468490716852
  },
  "25": {
   "mean": 0.156290990780059
  },
  "26": {
   "mean": 0.16075233141108092
  },
  "27": {
   "mean": 0.1585018758577211
  },
  "28": {
   "mean": 0.16149619612161645
  },
  "29": {
   "mean": 0.15639383216428338
  },
  "3": {
   "mean": 0.16181527387556846
  },
  "30": {
   "mean": 0.1583748999018161
  },
  "31": {
   "mean": 0.15865162864501434
  },
  "32": {
   "mean": 0.1536993317145208
  },
  "33": {
   "mean": 0.1610764269007855
  },
  "34": {
   "mean": 0.16103841204447175
  },
  "35": {
   "mean": 0.1565460447069791
  },
  "36": {
   "mean": 0.15780678415390145
  },
  "37": {
   "mean": 0.15657407990110858
  },
  "38": {
   "mean": 0.15766686800287463
  },
  "39": {
   "mean": 0.15797312809785158
  },
  "4": {
   "mean": 0.1583086305763762
  },
  "40": {
   "mean": 0.15686880387088833
  },
  "41": {
   "mean": 0.16160893014485314
  },
  "42": {
   "mean": 0.1594481106595581
  },
  "43": {
   "mean": 0.15763250936583925
  },
  "44": {
   "mean": 0.16245078402768612
  },
  "45": {
   "mean": 0.15949423586597358
  },
  "46": {
   "mean": 0.1603202835498354
  },
  "47": {
   "mean": 0.1594829474577886
  },
  "48": {
   "mean": 0.16220471940811898
  },
  "49": {
   "mean": 0.16346352639167783
  },
  "5": {
   "mean": 0.15835452005569634
  },
  "50": {
   "mean": 0.15964323695808505
  },
  "51": {
   "mean": 0.160212312999442
  },
  "52": {
   "mean": 0.1549808247673979
  },
  "53": {
   "mean": 0.15680520280573926
  },
  "54": {
   "mean": 0.160360005238657
  },
  "55": {
   "mean": 0.15880609802234544
  },
  "56": {
   "mean": 0.15812520798465426
  },
  "57": {
   "mean": 0.15914113977722863
  },
  "58": {
   "mean": 0.1569301152409134
  },
  "59": {
   "mean": 0.16032376332907314
  },
  "6": {
   "mean": 0.16055093040275592
  },
  "60": {
   "mean": 0.16204448933869703
  },
  "61": {
   "mean": 0.15973653775156899
  },
  "62": {
   "mean": 0.15971679474607822
  },
  "63": {
   "mean": 0.1591790013935167
  },
  "7": {
   "mean": 0.16390514351376148
  },
  "8": {
   "mean": 0.16071168513593845
  },
  "9": {
   "mean": 0.15553954171216602
  }
 },
 "params": {
  "H": 128,
  "N": 8,
  "W": 128,
  "add_light_samples": false,
  "alpha": 0.25,
  "beta": 0.1,
  "c": 30,
  "fg_depth": 99,
  "geom_clamp": null,
  "geom_clamp_mode": "hard",
  "mode": "vec",
  "progressive": true
 },
 "shared": {
  "voxel_size_0": 0.09612659617745256
 },
 "tag": "G_convergence"
}