{
 "code": "c70b6f752890f1a9",
 "iters": {
  "0": {
   "mean": 0.15313820044510115
  },
  "1": {
   "mean": 0.1524200458718534
  },
  "10": {
   "mean": 0.15430481175930652
  },
  "11": {
   "mean": 0.15688552978261008
  },
  "12": {
   "mean": 0.15819828459711596
  },
  "13": {
   "mean": 0.15479012201940648
  },
  "14": {
   "mean": 0.15250286371461694
  },
  "15": {
   "mean": 0.15840566729768057
  },
  "16": {
   "mean": 0.15649769741618708
  },
  "17": {
   "mean": 0.15549549159501827
  },
  "18": {
   "mean": 0.15187701931347855
  },
  "19": {
   "mean": 0.15143954086991537
  },
  "2": {
   "mean": 0.15650302191228158
  },
  "20": {
   "mean": 0.153481136801547
  },
  "21": {
   "mean": 0.15399951847558122
  },
  "22": {
   "mean": 0.15374720007853174
  },
  "23": {
   "mean": 0.1520313960541313
  },
  "24": {
   "mean": 0.1525864640499235
  },
  "25": {
   "mean": 0.15088852815244944
  },
  "26": {
   "mean": 0.1552307729297007
  },
  "27": {
   "mean": 0.1528181875436306
  },
  "28": {
   "mean": 0.15644368824052765
  },
  "29": {
   "mean": 0.15125706586318716
  },
  "3": {
   "mean": 0.15661599838506746
  },
  "30": {
   "mean": 0.15307697165661552
  },
  "31": {
   "mean": 0.15339950958500373
  },
  "32": {
   "mean": 0.14863220076825875
  },
  "33": {
   "mean": 0.15538544509915694
  },
  "34": {
   "mean": 0.15584667519804948
  },
  "35": {
   "mean": 0.15111461724227596
  },
  "36": {
   "mean": 0.1521613682054522
  },
  "37": {
   "mean": 0.15110132563611925
  },
  "38": {
   "mean": 0.1521921207674527
  },
  "39": {
   "mean": 0.15270920913935754
  },
  "4": {
   "mean": 0.15264800204163378
  },
  "40": {
   "mean": 0.1516248801941528
  },
  "41": {
   "mean": 0.15605977096264115
  },
  "42": {
   "mean": 0.1539218858475412
  },
  "43": {
   "mean": 0.15223666284515378
  },
  "44": {
   "mean": 0.1567093731952923
  },
  "45": {
   "mean": 0.15401097575081177
  },
  "46": {
   "mean": 0.1552695790436969
  },
  "47": {
   "mean": 0.15402855070607935
  },
  "48": {
   "mean": 0.1565223088306116
  },
  "49": {
   "mean": 0.1580545610476382
  },
  "5": {
   "mean": 0.15287613069534048
  },
  "50": {
   "mean": 0.15401107937162195
  },
  "51": {
   "mean": 0.15487759352317995
  },
  "52": {
   "mean": 0.1497003541174948
  },
  "53": {
   "mean": 0.1513832476384895
  },
  "54": {
   "mean": 0.15455347784257403
  },
  "55": {
   "mean": 0.15329303101347871
  },
  "56": {
   "mean": 0.15274137969601093
  },
  "57": {
   "mean": 0.15394269696368698
  },
  "58": {
   "mean": 0.15153863895989264
  },
  "59": {
   "mean": 0.15482430509437234
  },
  "6": {
   "mean": 0.15537051546772696
  },
  "60": {
   "mean": 0.15634013378255682
  },
  "61": {
   "mean": 0.15442357358335448
  },
  "62": {
   "mean": 0.15441284225581606
  },
  "63": {
   "mean": 0.15369168510574233
  },
  "7": {
   "mean": 0.1584486909244016
  },
  "8": {
   "mean": 0.15518902982746768
  },
  "9": {
   "mean": 0.15023568242251184
  }
 },
 "params": {
  "H": 128,
  "N": 8,
  "W": 128,
  "add_light_samples": false,
  "alpha": 0.25,
  "beta": 0.1,
  "c": 30,
  "fg_depth": 2,
  "geom_clamp": null,
  "geom_clamp_mode": "hard",
  "mode": "vec",
  "progressive": true
 },
 "shared": {
  "voxel_size_0": 0.09612659617745256
 },
 "tag": "G_convergence"
}