{
 "code": "cd050cfc7d3f0244",
 "iters": {
  "0": {
   "mean": 0.14296156704158672
  },
  "1": {
   "mean": 0.14271319621746145
  },
  "10": {
   "mean": 0.14506881443603206
  },
  "11": {
   "mean": 0.14761320095296376
  },
  "12": {
   "mean": 0.14859285097073582
  },
  "13": {
   "mean": 0.1457320982105563
  },
  "14": {
   "mean": 0.14291604169446862
  },
  "15": {
   "mean": 0.14919729009502017
  },
  "16": {
   "mean": 0.14728628694281234
  },
  "17": {
   "mean": 0.14636458061047677
  },
  "18": {
   "mean": 0.14257591887901575
  },
  "19": {
   "mean": 0.14221617721620122
  },
  "2": {
   "mean": 0.14684213029284948
  },
  "20": {
   "mean": 0.1442953880365733
  },
  "21": {
   "mean": 0.14511252333185298
  },
  "22": {
   "mean": 0.14477837654901593
  },
  "23": {
   "mean": 0.1433475353776925
  },
  "24": {
   "mean": 0.1434180932231272
  },
  "25": {
   "mean": 0.1422776771463388
  },
  "26": {
   "mean": 0.14636115735125613
  },
  "27": {
   "mean": 0.14395730769219686
  },
  "28": {
   "mean": 0.14779206246692597
  },
  "29": {
   "mean": 0.1426562290409011
  },
  "3": {
   "mean": 0.14689632752608314
  },
  "30": {
   "mean": 0.1442521107396744
  },
  "31": {
   "mean": 0.14456943325787117
  },
  "32": {
   "mean": 0.1401256923220846
  },
  "33": {
   "mean": 0.14692027966930468
  },
  "34": {
   "mean": 0.14708459354965275
  },
  "35": {
   "mean": 0.14269884140002415
  },
  "36": {
   "mean": 0.1435826030170909
  },
  "37": {
   "mean": 0.1425350124364638
  },
  "38": {
   "mean": 0.14360309197974894
  },
  "39": {
   "mean": 0.14381834544160318
  },
  "4": {
   "mean": 0.14298219779685353
  },
  "40": {
   "mean": 0.14317846058375136
  },
  "41": {
   "mean": 0.1470828473997484
  },
  "42": {
   "mean": 0.14544627328675644
  },
  "43": {
   "mean": 0.1437971309012902
  },
  "44": {
   "mean": 0.14840106028104505
  },
  "45": {
   "mean": 0.14590046077602456
  },
  "46": {
   "mean": 0.14680297177500656
  },
  "47": {
   "mean": 0.14544163011873001
  },
  "48": {
   "mean": 0.14769036466640126
  },
  "49": {
   "mean": 0.149577961995667
  },
  "5": {
   "mean": 0.14314083945964243
  },
  "50": {
   "mean": 0.14586927858745924
  },
  "51": {
   "mean": 0.146401338664088
  },
  "52": {
   "mean": 0.14119831777094985
  },
  "53": {
   "mean": 0.14281660219502776
  },
  "54": {
   "mean": 0.14655092092076563
  },
  "55": {
   "mean": 0.1450117146909293
  },
  "56": {
   "mean": 0.14422225190047128
  },
  "57": {
   "mean": 0.14567617326633706
  },
  "58": {
   "mean": 0.14320248686335135
  },
  "59": {
   "mean": 0.1467377564436585
  },
  "6": {
   "mean": 0.1458189672768133
  },
  "60": {
   "mean": 0.1483749127163434
  },
  "61": {
   "mean": 0.1462785726667016
  },
  "62": {
   "mean": 0.14571866231882144
  },
  "63": {
   "mean": 0.14542825397909961
  },
  "7": {
   "mean": 0.14864131328277272
  },
  "8": {
   "mean": 0.14553273337171713
  },
  "9": {
   "mean": 0.14076091309553337
  }
 },
 "params": {
  "H": 128,
  "N": 8,
  "W": 128,
  "add_light_samples": false,
  "alpha": 0.67,
  "beta": 0.1,
  "c": 30,
  "fg_depth": 2,
  "geom_clamp": null,
  "geom_clamp_mode": "hard",
  "mode": "vec",
  "progressive": true
 },
 "shared": {
  "voxel_size_0": 0.09612659617745256
 },
 "tag": "G_convergence"
}