{
 "code": "1a66321bb7a33c21",
 "iters": {
  "0": {
   "mean": 0.15782456425737176
  },
  "1": {
   "mean": 0.15493752969556765
  },
  "10": {
   "mean": 0.15104381362688132
  },
  "11": {
   "mean": 0.15159498418171752
  },
  "12": {
   "mean": 0.1573806711387008
  },
  "13": {
   "mean": 0.15269290539233737
  },
  "14": {
   "mean": 0.1583199277170729
  },
  "15": {
   "mean": 0.15915622093861356
  },
  "16": {
   "mean": 0.14984878064597226
  },
  "17": {
   "mean": 0.16115673026615465
  },
  "18": {
   "mean": 0.15732659771368193
  },
  "19": {
   "mean": 0.15383835519984854
  },
  "2": {
   "mean": 0.15736198075951122
  },
  "20": {
   "mean": 0.15911607035541914
  },
  "21": {
   "mean": 0.15947410880074656
  },
  "22": {
   "mean": 0.15582797935481515
  },
  "23": {
   "mean": 0.1512430296129932
  },
  "24": {
   "mean": 0.1498454769521418
  },
  "25": {
   "mean": 0.14791206183115105
  },
  "26": {
   "mean": 0.15460572314426388
  },
  "27": {
   "mean": 0.14963458639741054
  },
  "28": {
   "mean": 0.15782079010670264
  },
  "29": {
   "mean": 0.15705118317864045
  },
  "3": {
   "mean": 0.1527413753557855
  },
  "30": {
   "mean": 0.1621159686321526
  },
  "31": {
   "mean": 0.15204634420627336
  },
  "32": {
   "mean": 0.14754488776730063
  },
  "33": {
   "mean": 0.15367945252158915
  },
  "34": {
   "mean": 0.16186026965304176
  },
  "35": {
   "mean": 0.15080207063698012
  },
  "36": {
   "mean": 0.15625065577676667
  },
  "37": {
   "mean": 0.1522824925587034
  },
  "38": {
   "mean": 0.15755665785960235
  },
  "39": {
   "mean": 0.15568218003825438
  },
  "4": {
   "mean": 0.15141208347623444
  },
  "40": {
   "mean": 0.15405373912752587
  },
  "41": {
   "mean": 0.1525955556248555
  },
  "42": {
   "mean": 0.15593604355204213
  },
  "43": {
   "mean": 0.15788008417324154
  },
  "44": {
   "mean": 0.15973813432992356
  },
  "45": {
   "mean": 0.14775698827838765
  },
  "46": {
   "mean": 0.15990584133883548
  },
  "47": {
   "mean": 0.15972471915256511
  },
  "48": {
   "mean": 0.1551889715300326
  },
  "49": {
   "mean": 0.15981757835465593
  },
  "5": {
   "mean": 0.1558948036666404
  },
  "50": {
   "mean": 0.1531248548617075
  },
  "51": {
   "mean": 0.16265409524535582
  },
  "52": {
   "mean": 0.15222425022594185
  },
  "53": {
   "mean": 0.15234416119213576
  },
  "54": {
   "mean": 0.15156182244811542
  },
  "55": {
   "mean": 0.15717606740964338
  },
  "56": {
   "mean": 0.15037730929032742
  },
  "57": {
   "mean": 0.15968506155728998
  },
  "58": {
   "mean": 0.15803397822557205
  },
  "59": {
   "mean": 0.15414142804458483
  },
  "6": {
   "mean": 0.15185714734125347
  },
  "60": {
   "mean": 0.15062401246954524
  },
  "61": {
   "mean": 0.1589502977598692
  },
  "62": {
   "mean": 0.15555934895510334
  },
  "63": {
   "mean": 0.15986666569924846
  },
  "7": {
   "mean": 0.1690235220718801
  },
  "8": {
   "mean": 0.15984008440269393
  },
  "9": {
   "mean": 0.14660882943885306
  }
 },
 "params": {
  "H": 128,
  "N": 8,
  "W": 128,
  "add_light_samples": false,
  "alpha": 0.25,
  "beta": 0.1,
  "c": 30,
  "fg_depth": 3,
  "geom_clamp": null,
  "geom_clamp_mode": "hard",
  "mode": "vec",
  "progressive": true
 },
 "shared": {
  "voxel_size_0": 0.11244967720708023
 },
 "tag": "G_convergence"
}