{
 "code": "1a66321bb7a33c21",
 "iters": {
  "0": {
   "mean": 0.15497345259884054
  },
  "1": {
   "mean": 0.15301984537270558
  },
  "10": {
   "mean": 0.14842272533833256
  },
  "11": {
   "mean": 0.1491135630888083
  },
  "12": {
   "mean": 0.15492186719176257
  },
  "13": {
   "mean": 0.14996497019621005
  },
  "14": {
   "mean": 0.15595060725293894
  },
  "15": {
   "mean": 0.15562417165656758
  },
  "16": {
   "mean": 0.14741239887433058
  },
  "17": {
   "mean": 0.15853931793875523
  },
  "18": {
   "mean": 0.1550384022429838
  },
  "19": {
   "mean": 0.15158965366035737
  },
  "2": {
   "mean": 0.15460423523349576
  },
  "20": {
   "mean": 0.1563455220370828
  },
  "21": {
   "mean": 0.1565004841029929
  },
  "22": {
   "mean": 0.15381752781618577
  },
  "23": {
   "mean": 0.14857914610180903
  },
  "24": {
   "mean": 0.14757364874959875
  },
  "25": {
   "mean": 0.1461257816791085
  },
  "26": {
   "mean": 0.15285877082839328
  },
  "27": {
   "mean": 0.14832299559481885
  },
  "28": {
   "mean": 0.15462675610268248
  },
  "29": {
   "mean": 0.1542937130121374
  },
  "3": {
   "mean": 0.14991591305752064
  },
  "30": {
   "mean": 0.15992393460938786
  },
  "31": {
   "mean": 0.15067541187667305
  },
  "32": {
   "mean": 0.1458763966349826
  },
  "33": {
   "mean": 0.15195003705214322
  },
  "34": {
   "mean": 0.15928428325885738
  },
  "35": {
   "mean": 0.14890514935832194
  },
  "36": {
   "mean": 0.1534802227183948
  },
  "37": {
   "mean": 0.15064785518530197
  },
  "38": {
   "mean": 0.15344358056714105
  },
  "39": {
   "mean": 0.15198201946723208
  },
  "4": {
   "mean": 0.14902923819286382
  },
  "40": {
   "mean": 0.15140807962224595
  },
  "41": {
   "mean": 0.15027480117821973
  },
  "42": {
   "mean": 0.15383597517179676
  },
  "43": {
   "mean": 0.15608514739107895
  },
  "44": {
   "mean": 0.1573213160491635
  },
  "45": {
   "mean": 0.1457082067004505
  },
  "46": {
   "mean": 0.1570566558606518
  },
  "47": {
   "mean": 0.15781709911023897
  },
  "48": {
   "mean": 0.15258261234019388
  },
  "49": {
   "mean": 0.15767009975554183
  },
  "5": {
   "mean": 0.15321174105960095
  },
  "50": {
   "mean": 0.15164294170551385
  },
  "51": {
   "mean": 0.16003546068364874
  },
  "52": {
   "mean": 0.15047307125225956
  },
  "53": {
   "mean": 0.149499640184852
  },
  "54": {
   "mean": 0.14892456406295948
  },
  "55": {
   "mean": 0.15477700057990848
  },
  "56": {
   "mean": 0.148250954225276
  },
  "57": {
   "mean": 0.15808692162503768
  },
  "58": {
   "mean": 0.15471605005420933
  },
  "59": {
   "mean": 0.1520759706566637
  },
  "6": {
   "mean": 0.14956197639988136
  },
  "60": {
   "mean": 0.1486193689833769
  },
  "61": {
   "mean": 0.1569637105438349
  },
  "62": {
   "mean": 0.15300460599633656
  },
  "63": {
   "mean": 0.15719280206689482
  },
  "7": {
   "mean": 0.16594438051691318
  },
  "8": {
   "mean": 0.15773364643747542
  },
  "9": {
   "mean": 0.14372260583571014
  }
 },
 "params": {
  "H": 128,
  "N": 8,
  "W": 128,
  "add_light_samples": false,
  "alpha": 0.25,
  "beta": 0.1,
  "c": 30,
  "fg_depth": 2,
  "geom_clamp": null,
  "geom_clamp_mode": "hard",
  "mode": "vec",
  "progressive": true
 },
 "shared": {
  "voxel_size_0": 0.11244967720708023
 },
 "tag": "G_convergence"
}