{
 "code": "14791f9f0141e6e8",
 "iters": {
  "0": {
   "mean": 0.1585895723469983
  },
  "1": {
   "mean": 0.15722075848628594
  },
  "10": {
   "mean": 0.1599017179201723
  },
  "11": {
   "mean": 0.16306994936954616
  },
  "12": {
   "mean": 0.16359359191338654
  },
  "13": {
   "mean": 0.1606821454712149
  },
  "14": {
   "mean": 0.15834647314399516
  },
  "15": {
   "mean": 0.164300207889001
  },
  "2": {
   "mean": 0.16166888618774733
  },
  "3": {
   "mean": 0.16168458285502044
  },
  "4": {
   "mean": 0.1583192357376743
  },
  "5": {
   "mean": 0.15870359126944902
  },
  "6": {
   "mean": 0.16059762441766035
  },
  "7": {
   "mean": 0.16383812729920627
  },
  "8": {
   "mean": 0.16064268779739813
  },
  "9": {
   "mean": 0.15572351891148664
  }
 },
 "params": {
  "H": 128,
  "N": 8,
  "W": 128,
  "add_light_samples": false,
  "alpha": 0.25,
  "beta": 0.1,
  "c": 30,
  "fg_depth": 99,
  "geom_clamp": null,
  "geom_clamp_mode": "hard",
  "mode": "vec",
  "progressive": false
 },
 "shared": {
  "voxel_size_0": 0.09609192970002407
 },
 "tag": "G_convergence"
}