{
 "code": "eb97de7819021127",
 "iters": {
  "0": {
   "mean": 0.1585895723469983
  },
  "1": {
   "mean": 0.1573696995621863
  },
  "10": {
   "mean": 0.1595554672452724
  },
  "11": {
   "mean": 0.162417705561426
  },
  "12": {
   "mean": 0.1630223814658848
  },
  "13": {
   "mean": 0.1598792715000415
  },
  "14": {
   "mean": 0.15760985888508094
  },
  "15": {
   "mean": 0.16364693365151425
  },
  "16": {
   "mean": 0.16152781841197603
  },
  "17": {
   "mean": 0.16064433057731073
  },
  "18": {
   "mean": 0.15725317858798227
  },
  "19": {
   "mean": 0.1565110457842394
  },
  "2": {
   "mean": 0.16150880073034388
  },
  "20": {
   "mean": 0.15858472843120242
  },
  "21": {
   "mean": 0.1593369715288383
  },
  "22": {
   "mean": 0.1591823948279242
  },
  "23": {
   "mean": 0.15755800910261128
  },
  "24": {
   "mean": 0.15760932569998862
  },
  "25": {
   "mean": 0.1559968423167241
  },
  "26": {
   "mean": 0.16041748778326045
  },
  "27": {
   "mean": 0.15821637919781176
  },
  "28": {
   "mean": 0.1612006817918613
  },
  "29": {
   "mean": 0.15609489438873522
  },
  "3": {
   "mean": 0.16148401488761835
  },
  "30": {
   "mean": 0.15807660502999207
  },
  "31": {
   "mean": 0.15833904091751025
  },
  "32": {
   "mean": 0.15340034054210577
  },
  "33": {
   "mean": 0.1607535063465144
  },
  "34": {
   "mean": 0.160738568162231
  },
  "35": {
   "mean": 0.15624642089884117
  },
  "36": {
   "mean": 0.15750865932251165
  },
  "37": {
   "mean": 0.15625943148786767
  },
  "38": {
   "mean": 0.1573544499630378
  },
  "39": {
   "mean": 0.15767834220760107
  },
  "4": {
   "mean": 0.1579836444820419
  },
  "40": {
   "mean": 0.15655584939393116
  },
  "41": {
   "mean": 0.16132320777355535
  },
  "42": {
   "mean": 0.15914391087027493
  },
  "43": {
   "mean": 0.15733222516032325
  },
  "44": {
   "mean": 0.16215064954315456
  },
  "45": {
   "mean": 0.15918038672272466
  },
  "46": {
   "mean": 0.1600093500927071
  },
  "47": {
   "mean": 0.15921648084549245
  },
  "48": {
   "mean": 0.16187570301809573
  },
  "49": {
   "mean": 0.1631583339681293
  },
  "5": {
   "mean": 0.15804715267011243
  },
  "50": {
   "mean": 0.15932375813242197
  },
  "51": {
   "mean": 0.1599032642888681
  },
  "52": {
   "mean": 0.15467891539746867
  },
  "53": {
   "mean": 0.15648944580674032
  },
  "54": {
   "mean": 0.16007647554765214
  },
  "55": {
   "mean": 0.15848513334699196
  },
  "56": {
   "mean": 0.15781702155610833
  },
  "57": {
   "mean": 0.1588469745355022
  },
  "58": {
   "mean": 0.15662563240430313
  },
  "59": {
   "mean": 0.1600118189423154
  },
  "6": {
   "mean": 0.16023676108553972
  },
  "60": {
   "mean": 0.16175844322272523
  },
  "61": {
   "mean": 0.15943568109846576
  },
  "62": {
   "mean": 0.15941931923015407
  },
  "63": {
   "mean": 0.15888649732165458
  },
  "7": {
   "mean": 0.16358430060207266
  },
  "8": {
   "mean": 0.16037674413158734
  },
  "9": {
   "mean": 0.15524272829478633
  }
 },
 "params": {
  "H": 128,
  "N": 8,
  "W": 128,
  "add_light_samples": false,
  "alpha": 0.25,
  "beta": 0.1,
  "c": 30,
  "fg_depth": 99,
  "geom_clamp": null,
  "geom_clamp_mode": "hard",
  "mode": "vec",
  "progressive": true
 },
 "shared": {
  "voxel_size_0": 0.09612659617745256
 },
 "tag": "G_convergence"
}