{
 "code": "c70b6f752890f1a9",
 "iters": {
  "0": {
   "mean": 0.017931634124773204
  },
  "1": {
   "mean": 0.017150570633096624
  },
  "10": {
   "mean": 0.015588565313034838
  },
  "11": {
   "mean": 0.016918869833150756
  },
  "12": {
   "mean": 0.01649090653370684
  },
  "13": {
   "mean": 0.017480002197277782
  },
  "14": {
   "mean": 0.015845993861917613
  },
  "15": {
   "mean": 0.018277523594466032
  },
  "2": {
   "mean": 0.017059332984709064
  },
  "3": {
   "mean": 0.01620630653774313
  },
  "4": {
   "mean": 0.017396947260817603
  },
  "5": {
   "mean": 0.016130121637540906
  },
  "6": {
   "mean": 0.01800106913972928
  },
  "7": {
   "mean": 0.018134146435707505
  },
  "8": {
   "mean": 0.017900805912894963
  },
  "9": {
   "mean": 0.017576635624579968
  }
 },
 "params": {
  "H": 64,
  "N": 1,
  "W": 64,
  "beta": 0.1,
  "c": 30,
  "light": false,
  "mode": "O2_v2_gather",
  "nee": true
 },
 "shared": {},
 "tag": "O2_v2"
}