{
 "code": "1a66321bb7a33c21",
 "iters": {
  "0": {
   "mean": 0.15943429201801343
  },
  "1": {
   "mean": 0.1563429649836362
  },
  "10": {
   "mean": 0.15248408882553613
  },
  "11": {
   "mean": 0.1530034314105971
  },
  "12": {
   "mean": 0.1582603123538238
  },
  "13": {
   "mean": 0.1543395195512308
  },
  "14": {
   "mean": 0.1595874805209561
  },
  "15": {
   "mean": 0.16032892401576362
  },
  "16": {
   "mean": 0.150810248640557
  },
  "17": {
   "mean": 0.16241373893844888
  },
  "18": {
   "mean": 0.1584432366695208
  },
  "19": {
   "mean": 0.15444260663971332
  },
  "2": {
   "mean": 0.15870957256793175
  },
  "20": {
   "mean": 0.16114822215668687
  },
  "21": {
   "mean": 0.16127764532153047
  },
  "22": {
   "mean": 0.15703586993438304
  },
  "23": {
   "mean": 0.1524017063352647
  },
  "24": {
   "mean": 0.15127320982000655
  },
  "25": {
   "mean": 0.14962544120955715
  },
  "26": {
   "mean": 0.15634130964777815
  },
  "27": {
   "mean": 0.1523744809313682
  },
  "28": {
   "mean": 0.1591325057642976
  },
  "29": {
   "mean": 0.15864049139708364
  },
  "3": {
   "mean": 0.15430526766134758
  },
  "30": {
   "mean": 0.1637095807175283
  },
  "31": {
   "mean": 0.15317871400240982
  },
  "32": {
   "mean": 0.14867453358801921
  },
  "33": {
   "mean": 0.15538885800900096
  },
  "34": {
   "mean": 0.1636688774255036
  },
  "35": {
   "mean": 0.1519359287305673
  },
  "36": {
   "mean": 0.15747076632418908
  },
  "37": {
   "mean": 0.15354576679833765
  },
  "38": {
   "mean": 0.15914586363850883
  },
  "39": {
   "mean": 0.15692848051286346
  },
  "4": {
   "mean": 0.1525775947911258
  },
  "40": {
   "mean": 0.15498517284982058
  },
  "41": {
   "mean": 0.15407964994084652
  },
  "42": {
   "mean": 0.1574249642338578
  },
  "43": {
   "mean": 0.15915891524954473
  },
  "44": {
   "mean": 0.16085442241886364
  },
  "45": {
   "mean": 0.149057710070842
  },
  "46": {
   "mean": 0.1616816424005917
  },
  "47": {
   "mean": 0.16153514186989446
  },
  "48": {
   "mean": 0.1563460269608166
  },
  "49": {
   "mean": 0.1614973311523933
  },
  "5": {
   "mean": 0.15718765088150874
  },
  "50": {
   "mean": 0.15455619807279367
  },
  "51": {
   "mean": 0.16416430349612898
  },
  "52": {
   "mean": 0.15358947825854347
  },
  "53": {
   "mean": 0.1535360303032157
  },
  "54": {
   "mean": 0.15292100402855405
  },
  "55": {
   "mean": 0.15844511694174254
  },
  "56": {
   "mean": 0.15194445822522135
  },
  "57": {
   "mean": 0.16114089783245855
  },
  "58": {
   "mean": 0.15951378325009322
  },
  "59": {
   "mean": 0.15518970754733083
  },
  "6": {
   "mean": 0.15311982492616136
  },
  "60": {
   "mean": 0.1518518515960664
  },
  "61": {
   "mean": 0.16048723208263527
  },
  "62": {
   "mean": 0.1569850522120181
  },
  "63": {
   "mean": 0.16084703041619744
  },
  "7": {
   "mean": 0.17124933284572716
  },
  "8": {
   "mean": 0.16108710098455248
  },
  "9": {
   "mean": 0.14762484686121832
  }
 },
 "params": {
  "H": 128,
  "N": 8,
  "W": 128,
  "add_light_samples": false,
  "alpha": 0.25,
  "beta": 0.1,
  "c": 30,
  "fg_depth": 4,
  "geom_clamp": null,
  "geom_clamp_mode": "hard",
  "mode": "vec",
  "progressive": true
 },
 "shared": {
  "voxel_size_0": 0.11244967720708023
 },
 "tag": "G_convergence"
}