{
 "code": "c70b6f752890f1a9",
 "iters": {
  "0": {
   "mean": 0.01944127949925208
  },
  "1": {
   "mean": 0.013095001776521306
  }
 },
 "params": {
  "H": 16,
  "N": 1,
  "W": 16,
  "beta": 0.1,
  "c": 30,
  "light": false,
  "mode": "O2_v2_gather",
  "nee": true
 },
 "shared": {},
 "tag": "O2_v2"
}