{
 "code": "c70b6f752890f1a9",
 "iters": {
  "0": {
   "mean": 0.017474590647018052
  },
  "1": {
   "mean": 0.017103077160324248
  },
  "10": {
   "mean": 0.01672802211633752
  },
  "11": {
   "mean": 0.017652777190283908
  },
  "12": {
   "mean": 0.01723857025377878
  },
  "13": {
   "mean": 0.0172719474127592
  },
  "14": {
   "mean": 0.017682664469059296
  },
  "15": {
   "mean": 0.017254130750858226
  },
  "2": {
   "mean": 0.017146475110020026
  },
  "3": {
   "mean": 0.017195725703076148
  },
  "4": {
   "mean": 0.01701184471860026
  },
  "5": {
   "mean": 0.017086202021707724
  },
  "6": {
   "mean": 0.01768527600464237
  },
  "7": {
   "mean": 0.017362508616087107
  },
  "8": {
   "mean": 0.017296388423086756
  },
  "9": {
   "mean": 0.01707027426788772
  }
 },
 "params": {
  "H": 128,
  "N": 1,
  "W": 128,
  "beta": 0.1,
  "c": 30,
  "light": false,
  "mode": "O2_v2_gather",
  "nee": true
 },
 "shared": {},
 "tag": "O2_v2"
}