{
 "code": "cd050cfc7d3f0244",
 "iters": {
  "0": {
   "mean": 0.14296156704158672
  },
  "1": {
   "mean": 0.14271319621746145
  },
  "10": {
   "mean": 0.1450107978065496
  },
  "11": {
   "mean": 0.1474461478105273
  },
  "12": {
   "mean": 0.14859087832400406
  },
  "13": {
   "mean": 0.14533162535277566
  },
  "14": {
   "mean": 0.14265552608404652
  },
  "15": {
   "mean": 0.14900872454705558
  },
  "16": {
   "mean": 0.14719423797841705
  },
  "17": {
   "mean": 0.14640435661238285
  },
  "18": {
   "mean": 0.1422902226912829
  },
  "19": {
   "mean": 0.1420343286309638
  },
  "2": {
   "mean": 0.14675602351852876
  },
  "20": {
   "mean": 0.14419099571805155
  },
  "21": {
   "mean": 0.14488315955907702
  },
  "22": {
   "mean": 0.14460700189327547
  },
  "23": {
   "mean": 0.14282234996267143
  },
  "24": {
   "mean": 0.14329510808410384
  },
  "25": {
   "mean": 0.14197651236826062
  },
  "26": {
   "mean": 0.14599565069883788
  },
  "27": {
   "mean": 0.14376670467660937
  },
  "28": {
   "mean": 0.14743606866708614
  },
  "29": {
   "mean": 0.1422954470260327
  },
  "3": {
   "mean": 0.14700791506243716
  },
  "30": {
   "mean": 0.14405358741425014
  },
  "31": {
   "mean": 0.14429294858480615
  },
  "32": {
   "mean": 0.1395180166871964
  },
  "33": {
   "mean": 0.14647091058086767
  },
  "34": {
   "mean": 0.1466948114893827
  },
  "35": {
   "mean": 0.142071764361987
  },
  "36": {
   "mean": 0.14347506970547375
  },
  "37": {
   "mean": 0.14205505754987044
  },
  "38": {
   "mean": 0.14300717068605226
  },
  "39": {
   "mean": 0.14375209493295418
  },
  "4": {
   "mean": 0.14302506943913468
  },
  "40": {
   "mean": 0.14254571035130395
  },
  "41": {
   "mean": 0.14683291794618467
  },
  "42": {
   "mean": 0.14501728242800688
  },
  "43": {
   "mean": 0.14322193362383154
  },
  "44": {
   "mean": 0.1481627246261238
  },
  "45": {
   "mean": 0.14508489183651035
  },
  "46": {
   "mean": 0.14631220841682
  },
  "47": {
   "mean": 0.14486242301706345
  },
  "48": {
   "mean": 0.14726888273211877
  },
  "49": {
   "mean": 0.14903509818405083
  },
  "5": {
   "mean": 0.14334832463941002
  },
  "50": {
   "mean": 0.14525050129105246
  },
  "51": {
   "mean": 0.14576617430794062
  },
  "52": {
   "mean": 0.14089076772822984
  },
  "53": {
   "mean": 0.14206824034502688
  },
  "54": {
   "mean": 0.145748854829481
  },
  "55": {
   "mean": 0.1441974929881162
  },
  "56": {
   "mean": 0.143844722333734
  },
  "57": {
   "mean": 0.14523836662257228
  },
  "58": {
   "mean": 0.1427268834601866
  },
  "59": {
   "mean": 0.14601572115114878
  },
  "6": {
   "mean": 0.1457280918509398
  },
  "60": {
   "mean": 0.14767439985926056
  },
  "61": {
   "mean": 0.1456026768674533
  },
  "62": {
   "mean": 0.1454999128385341
  },
  "63": {
   "mean": 0.14495195842341602
  },
  "7": {
   "mean": 0.14869657944424478
  },
  "8": {
   "mean": 0.14545134439346985
  },
  "9": {
   "mean": 0.14098740633138027
  }
 },
 "params": {
  "H": 128,
  "N": 8,
  "W": 128,
  "add_light_samples": false,
  "alpha": 0.4,
  "beta": 0.1,
  "c": 30,
  "fg_depth": 2,
  "geom_clamp": null,
  "geom_clamp_mode": "hard",
  "mode": "vec",
  "progressive": true
 },
 "shared": {
  "voxel_size_0": 0.09612659617745256
 },
 "tag": "G_convergence"
}